name,price,maturity,settlement,nextpmtdate,coupon,freq,facevalue,type,daycount
4W,1.56,3/10/2020,2/11/2020,3/10/2020,0,annual,100,tbill,ACT_ACT
2M,1.57,4/7/2020,2/11/2020,4/7/2020,0,annual,100,tbill,ACT_ACT
3M,1.56,5/14/2020,2/11/2020,5/14/2020,0,annual,100,tbill,ACT_ACT
6M,1.54,8/13/2020,2/11/2020,8/13/2020,0,annual,100,tbill,ACT_ACT
United States Treasury Note/Bond_1,1.004453125,1/15/2021,2/11/2020,7/15/2021,0.02,semiannual,1,BOND,ACT_ACT
United States Treasury Note/Bond_2,1.020117188,1/15/2022,2/11/2020,7/15/2022,0.025,semiannual,1,BOND,ACT_ACT
United States Treasury Note/Bond_3,1.003125,1/15/2023,2/11/2020,7/15/2023,0.015,semiannual,1,BOND,ACT_ACT
United States Treasury Note/Bond_4,0.998710938,1/31/2021,2/11/2020,7/31/2021,0.01375,semiannual,1,BOND,ACT_ACT
United States Treasury Note/Bond_5,1.009375,1/31/2021,2/11/2020,7/31/2021,0.025,semiannual,1,BOND,ACT_ACT
United States Treasury Note/Bond_6,1.005820313,1/31/2021,2/11/2020,7/31/2021,0.02125,semiannual,1,BOND,ACT_ACT
United States Treasury Note/Bond_7,0.99921875,1/31/2022,2/11/2020,7/31/2022,0.01375,semiannual,1,BOND,ACT_ACT
United States Treasury Note/Bond_8,1.00125,1/31/2022,2/11/2020,7/31/2022,0.015,semiannual,1,BOND,ACT_ACT
United States Treasury Note/Bond_9,1.008515625,1/31/2022,2/11/2020,7/31/2022,0.01875,semiannual,1,BOND,ACT_ACT
United States Treasury Note/Bond_10,1.028671875,1/31/2023,2/11/2020,7/31/2023,0.02375,semiannual,1,BOND,ACT_ACT
United States Treasury Note/Bond_11,1.010703125,1/31/2023,2/11/2020,7/31/2023,0.0175,semiannual,1,BOND,ACT_ACT
United States Treasury Note/Bond_12,1.0421875,1/31/2024,2/11/2020,7/31/2024,0.025,semiannual,1,BOND,ACT_ACT
United States Treasury Note/Bond_13,1.032890625,1/31/2024,2/11/2020,7/31/2024,0.0225,semiannual,1,BOND,ACT_ACT
United States Treasury Note/Bond_14,0.998359375,1/31/2025,2/11/2020,7/31/2025,0.01375,semiannual,1,BOND,ACT_ACT
United States Treasury Note/Bond_15,1.051953125,1/31/2025,2/11/2020,7/31/2025,0.025,semiannual,1,BOND,ACT_ACT
United States Treasury Note/Bond_16,1.066015625,1/31/2026,2/11/2020,7/31/2026,0.02625,semiannual,1,BOND,ACT_ACT
United States Treasury Note/Bond_17,0.999375,1/31/2027,2/11/2020,7/31/2027,0.015,semiannual,1,BOND,ACT_ACT
United States Treasury Note/Bond_18,1.000664063,10/15/2020,2/11/2020,4/15/2021,0.01625,semiannual,1,BOND,ACT_ACT
United States Treasury Note/Bond_19,1.023320313,10/15/2021,2/11/2020,4/15/2022,0.02875,semiannual,1,BOND,ACT_ACT
United States Treasury Note/Bond_20,0.999453125,10/15/2022,2/11/2020,4/15/2023,0.01375,semiannual,1,BOND,ACT_ACT
United States Treasury Note/Bond_21,0.998867188,10/31/2020,2/11/2020,5/1/2021,0.01375,semiannual,1,BOND,ACT_ACT
United States Treasury Note/Bond_22,1.009453125,10/31/2020,2/11/2020,5/1/2021,0.02875,semiannual,1,BOND,ACT_ACT
United States Treasury Note/Bond_23,1.001523438,10/31/2020,2/11/2020,5/1/2021,0.0175,semiannual,1,BOND,ACT_ACT
United States Treasury Note/Bond_24,1.00078125,10/31/2021,2/11/2020,5/1/2022,0.015,semiannual,1,BOND,ACT_ACT
United States Treasury Note/Bond_25,0.996601563,10/31/2021,2/11/2020,5/1/2022,0.0125,semiannual,1,BOND,ACT_ACT
United States Treasury Note/Bond_26,1.00921875,10/31/2021,2/11/2020,5/1/2022,0.02,semiannual,1,BOND,ACT_ACT
United States Treasury Note/Bond_27,1.01625,10/31/2022,2/11/2020,5/1/2023,0.02,semiannual,1,BOND,ACT_ACT
United States Treasury Note/Bond_28,1.012890625,10/31/2022,2/11/2020,5/1/2023,0.01875,semiannual,1,BOND,ACT_ACT
United States Treasury Note/Bond_29,1.05328125,10/31/2023,2/11/2020,5/1/2024,0.02875,semiannual,1,BOND,ACT_ACT
United States Treasury Note/Bond_30,1.00859375,10/31/2023,2/11/2020,5/1/2024,0.01625,semiannual,1,BOND,ACT_ACT
United States Treasury Note/Bond_31,1.003984375,10/31/2024,2/11/2020,5/1/2025,0.015,semiannual,1,BOND,ACT_ACT
United States Treasury Note/Bond_32,1.03828125,10/31/2024,2/11/2020,5/1/2025,0.0225,semiannual,1,BOND,ACT_ACT
United States Treasury Note/Bond_33,1.084453125,10/31/2025,2/11/2020,5/1/2026,0.03,semiannual,1,BOND,ACT_ACT
United States Treasury Note/Bond_34,1.00796875,10/31/2026,2/11/2020,5/1/2027,0.01625,semiannual,1,BOND,ACT_ACT
United States Treasury Note/Bond_35,1.008242188,11/15/2020,2/11/2020,5/15/2021,0.02625,semiannual,1,BOND,ACT_ACT
United States Treasury Note/Bond_36,1.00171875,11/15/2020,2/11/2020,5/15/2021,0.0175,semiannual,1,BOND,ACT_ACT
United States Treasury Note/Bond_37,1.024570313,11/15/2021,2/11/2020,5/15/2022,0.02875,semiannual,1,BOND,ACT_ACT
United States Treasury Note/Bond_38,1.009804688,11/15/2021,2/11/2020,5/15/2022,0.02,semiannual,1,BOND,ACT_ACT
United States Treasury Note/Bond_39,1.114023438,11/15/2021,2/11/2020,5/15/2022,0.08,semiannual,1,BOND,ACT_ACT
United States Treasury Note/Bond_40,1.006328125,11/15/2022,2/11/2020,5/15/2023,0.01625,semiannual,1,BOND,ACT_ACT
United States Treasury Note/Bond_41,1.169765625,11/15/2022,2/11/2020,5/15/2023,0.07625,semiannual,1,BOND,ACT_ACT
United States Treasury Note/Bond_42,1.049765625,11/15/2023,2/11/2020,5/15/2024,0.0275,semiannual,1,BOND,ACT_ACT
United States Treasury Note/Bond_43,1.038515625,11/15/2024,2/11/2020,5/15/2025,0.0225,semiannual,1,BOND,ACT_ACT
United States Treasury Note/Bond_44,1.280546875,11/15/2024,2/11/2020,5/15/2025,0.075,semiannual,1,BOND,ACT_ACT
United States Treasury Note/Bond_45,1.043671875,11/15/2025,2/11/2020,5/15/2026,0.0225,semiannual,1,BOND,ACT_ACT
United States Treasury Note/Bond_46,1.031875,11/15/2026,2/11/2020,5/15/2027,0.02,semiannual,1,BOND,ACT_ACT
United States Treasury Note/Bond_47,1.32515625,11/15/2026,2/11/2020,5/15/2027,0.065,semiannual,1,BOND,ACT_ACT
United States Treasury Note/Bond_48,1.0528125,11/15/2027,2/11/2020,5/15/2028,0.0225,semiannual,1,BOND,ACT_ACT
United States Treasury Note/Bond_49,1.3403125,11/15/2027,2/11/2020,5/15/2028,0.06125,semiannual,1,BOND,ACT_ACT
United States Treasury Note/Bond_50,1.1275,11/15/2028,2/11/2020,5/15/2029,0.03125,semiannual,1,BOND,ACT_ACT
United States Treasury Note/Bond_51,1.30359375,11/15/2028,2/11/2020,5/15/2029,0.0525,semiannual,1,BOND,ACT_ACT
United States Treasury Note/Bond_52,1.014375,11/15/2029,2/11/2020,5/15/2030,0.0175,semiannual,1,BOND,ACT_ACT
United States Treasury Note/Bond_53,1.41015625,11/15/2039,2/11/2020,5/15/2040,0.04375,semiannual,1,BOND,ACT_ACT
United States Treasury Note/Bond_54,1.3959375,11/15/2040,2/11/2020,5/15/2041,0.0425,semiannual,1,BOND,ACT_ACT
United States Treasury Note/Bond_55,1.20203125,11/15/2041,2/11/2020,5/15/2042,0.03125,semiannual,1,BOND,ACT_ACT
United States Treasury Note/Bond_56,1.13265625,11/15/2042,2/11/2020,5/15/2043,0.0275,semiannual,1,BOND,ACT_ACT
United States Treasury Note/Bond_57,1.32328125,11/15/2043,2/11/2020,5/15/2044,0.0375,semiannual,1,BOND,ACT_ACT
United States Treasury Note/Bond_58,1.18265625,11/15/2044,2/11/2020,5/15/2045,0.03,semiannual,1,BOND,ACT_ACT
United States Treasury Note/Bond_59,1.18796875,11/15/2045,2/11/2020,5/15/2046,0.03,semiannual,1,BOND,ACT_ACT
United States Treasury Note/Bond_60,1.168125,11/15/2046,2/11/2020,5/15/2047,0.02875,semiannual,1,BOND,ACT_ACT
United States Treasury Note/Bond_61,1.1453125,11/15/2047,2/11/2020,5/15/2048,0.0275,semiannual,1,BOND,ACT_ACT
United States Treasury Note/Bond_62,1.2878125,11/15/2048,2/11/2020,5/15/2049,0.03375,semiannual,1,BOND,ACT_ACT
United States Treasury Note/Bond_63,1.0709375,11/15/2049,2/11/2020,5/15/2050,0.02375,semiannual,1,BOND,ACT_ACT
United States Treasury Note/Bond_64,1.00078125,11/30/2020,2/11/2020,5/30/2021,0.01625,semiannual,1,BOND,ACT_ACT
United States Treasury Note/Bond_65,1.0096875,11/30/2020,2/11/2020,5/30/2021,0.0275,semiannual,1,BOND,ACT_ACT
United States Treasury Note/Bond_66,1.00375,11/30/2020,2/11/2020,5/30/2021,0.02,semiannual,1,BOND,ACT_ACT
United States Treasury Note/Bond_67,1.0009375,11/30/2021,2/11/2020,5/30/2022,0.015,semiannual,1,BOND,ACT_ACT
United States Treasury Note/Bond_68,1.00546875,11/30/2021,2/11/2020,5/30/2022,0.0175,semiannual,1,BOND,ACT_ACT
United States Treasury Note/Bond_69,1.0078125,11/30/2021,2/11/2020,5/30/2022,0.01875,semiannual,1,BOND,ACT_ACT
United States Treasury Note/Bond_70,1.016796875,11/30/2022,2/11/2020,5/30/2023,0.02,semiannual,1,BOND,ACT_ACT
United States Treasury Note/Bond_71,1.054375,11/30/2023,2/11/2020,5/30/2024,0.02875,semiannual,1,BOND,ACT_ACT
United States Treasury Note/Bond_72,1.0271875,11/30/2023,2/11/2020,5/30/2024,0.02125,semiannual,1,BOND,ACT_ACT
United States Treasury Note/Bond_73,1.004375,11/30/2024,2/11/2020,5/30/2025,0.015,semiannual,1,BOND,ACT_ACT
United States Treasury Note/Bond_74,1.033046875,11/30/2024,2/11/2020,5/30/2025,0.02125,semiannual,1,BOND,ACT_ACT
United States Treasury Note/Bond_75,1.078671875,11/30/2025,2/11/2020,5/30/2026,0.02875,semiannual,1,BOND,ACT_ACT
United States Treasury Note/Bond_76,1.00796875,11/30/2026,2/11/2020,5/30/2027,0.01625,semiannual,1,BOND,ACT_ACT
United States Treasury Note/Bond_77,1.003046875,12/15/2020,2/11/2020,6/15/2021,0.01875,semiannual,1,BOND,ACT_ACT
United States Treasury Note/Bond_78,1.021523438,12/15/2021,2/11/2020,6/15/2022,0.02625,semiannual,1,BOND,ACT_ACT
United States Treasury Note/Bond_79,1.006640625,12/15/2022,2/11/2020,6/15/2023,0.01625,semiannual,1,BOND,ACT_ACT
United States Treasury Note/Bond_80,1.008554688,12/31/2020,2/11/2020,7/1/2021,0.025,semiannual,1,BOND,ACT_ACT
United States Treasury Note/Bond_81,1.00203125,12/31/2020,2/11/2020,7/1/2021,0.0175,semiannual,1,BOND,ACT_ACT
United States Treasury Note/Bond_82,1.007460938,12/31/2020,2/11/2020,7/1/2021,0.02375,semiannual,1,BOND,ACT_ACT
United States Treasury Note/Bond_83,1.003554688,12/31/2021,2/11/2020,7/1/2022,0.01625,semiannual,1,BOND,ACT_ACT
United States Treasury Note/Bond_84,1.010390625,12/31/2021,2/11/2020,7/1/2022,0.02,semiannual,1,BOND,ACT_ACT
United States Treasury Note/Bond_85,1.0128125,12/31/2021,2/11/2020,7/1/2022,0.02125,semiannual,1,BOND,ACT_ACT
United States Treasury Note/Bond_86,1.020859375,12/31/2022,2/11/2020,7/1/2023,0.02125,semiannual,1,BOND,ACT_ACT
United States Treasury Note/Bond_87,1.046171875,12/31/2023,2/11/2020,7/1/2024,0.02625,semiannual,1,BOND,ACT_ACT
United States Treasury Note/Bond_88,1.032265625,12/31/2023,2/11/2020,7/1/2024,0.0225,semiannual,1,BOND,ACT_ACT
United States Treasury Note/Bond_89,1.016015625,12/31/2024,2/11/2020,7/1/2025,0.0175,semiannual,1,BOND,ACT_ACT
United States Treasury Note/Bond_90,1.039375,12/31/2024,2/11/2020,7/1/2025,0.0225,semiannual,1,BOND,ACT_ACT
United States Treasury Note/Bond_91,1.06546875,12/31/2025,2/11/2020,7/1/2026,0.02625,semiannual,1,BOND,ACT_ACT
United States Treasury Note/Bond_92,1.01578125,12/31/2026,2/11/2020,7/1/2027,0.0175,semiannual,1,BOND,ACT_ACT
United States Treasury Note/Bond_93,1.000234375,2/15/2020,2/11/2020,8/15/2020,0.03625,semiannual,1,BOND,ACT_ACT
United States Treasury Note/Bond_94,1.000039063,2/15/2020,2/11/2020,8/15/2020,0.01375,semiannual,1,BOND,ACT_ACT
United States Treasury Note/Bond_95,1.001210938,2/15/2020,2/11/2020,8/15/2020,0.085,semiannual,1,BOND,ACT_ACT
United States Treasury Note/Bond_96,1.00734375,2/15/2021,2/11/2020,8/15/2021,0.0225,semiannual,1,BOND,ACT_ACT
United States Treasury Note/Bond_97,1.021289063,2/15/2021,2/11/2020,8/15/2021,0.03625,semiannual,1,BOND,ACT_ACT
United States Treasury Note/Bond_98,1.064453125,2/15/2021,2/11/2020,8/15/2021,0.07875,semiannual,1,BOND,ACT_ACT
United States Treasury Note/Bond_99,1.021132813,2/15/2022,2/11/2020,8/15/2022,0.025,semiannual,1,BOND,ACT_ACT
United States Treasury Note/Bond_100,1.011679688,2/15/2022,2/11/2020,8/15/2022,0.02,semiannual,1,BOND,ACT_ACT
United States Treasury Note/Bond_101,1.018359375,2/15/2023,2/11/2020,8/15/2023,0.02,semiannual,1,BOND,ACT_ACT
United States Treasury Note/Bond_102,1.17015625,2/15/2023,2/11/2020,8/15/2023,0.07125,semiannual,1,BOND,ACT_ACT
United States Treasury Note/Bond_103,0.9996875,2/15/2023,2/11/2020,8/15/2023,0.01375,semiannual,1,BOND,ACT_ACT
United States Treasury Note/Bond_104,1.052734375,2/15/2024,2/11/2020,8/15/2024,0.0275,semiannual,1,BOND,ACT_ACT
United States Treasury Note/Bond_105,1.028125,2/15/2025,2/11/2020,8/15/2025,0.02,semiannual,1,BOND,ACT_ACT
United States Treasury Note/Bond_106,1.300546875,2/15/2025,2/11/2020,8/15/2025,0.07625,semiannual,1,BOND,ACT_ACT
United States Treasury Note/Bond_107,1.008828125,2/15/2026,2/11/2020,8/15/2026,0.01625,semiannual,1,BOND,ACT_ACT
United States Treasury Note/Bond_108,1.2628125,2/15/2026,2/11/2020,8/15/2026,0.06,semiannual,1,BOND,ACT_ACT
United States Treasury Note/Bond_109,1.049375,2/15/2027,2/11/2020,8/15/2027,0.0225,semiannual,1,BOND,ACT_ACT
United States Treasury Note/Bond_110,1.3446875,2/15/2027,2/11/2020,8/15/2027,0.06625,semiannual,1,BOND,ACT_ACT
United States Treasury Note/Bond_111,1.09125,2/15/2028,2/11/2020,8/15/2028,0.0275,semiannual,1,BOND,ACT_ACT
United States Treasury Note/Bond_112,1.0884375,2/15/2029,2/11/2020,8/15/2029,0.02625,semiannual,1,BOND,ACT_ACT
United States Treasury Note/Bond_113,1.31125,2/15/2029,2/11/2020,8/15/2029,0.0525,semiannual,1,BOND,ACT_ACT
United States Treasury Note/Bond_114,1.380625,2/15/2031,2/11/2020,8/15/2031,0.05375,semiannual,1,BOND,ACT_ACT
United States Treasury Note/Bond_115,1.38125,2/15/2036,2/11/2020,8/15/2036,0.045,semiannual,1,BOND,ACT_ACT
United States Treasury Note/Bond_116,1.435625,2/15/2037,2/11/2020,8/15/2037,0.0475,semiannual,1,BOND,ACT_ACT
United States Treasury Note/Bond_117,1.3940625,2/15/2038,2/11/2020,8/15/2038,0.04375,semiannual,1,BOND,ACT_ACT
United States Treasury Note/Bond_118,1.2628125,2/15/2039,2/11/2020,8/15/2039,0.035,semiannual,1,BOND,ACT_ACT
United States Treasury Note/Bond_119,1.4559375,2/15/2040,2/11/2020,8/15/2040,0.04625,semiannual,1,BOND,ACT_ACT
United States Treasury Note/Bond_120,1.4875,2/15/2041,2/11/2020,8/15/2041,0.0475,semiannual,1,BOND,ACT_ACT
United States Treasury Note/Bond_121,1.203125,2/15/2042,2/11/2020,8/15/2042,0.03125,semiannual,1,BOND,ACT_ACT
United States Treasury Note/Bond_122,1.20171875,2/15/2043,2/11/2020,8/15/2043,0.03125,semiannual,1,BOND,ACT_ACT
United States Treasury Note/Bond_123,1.30078125,2/15/2044,2/11/2020,8/15/2044,0.03625,semiannual,1,BOND,ACT_ACT
United States Treasury Note/Bond_124,1.085,2/15/2045,2/11/2020,8/15/2045,0.025,semiannual,1,BOND,ACT_ACT
United States Treasury Note/Bond_125,1.08703125,2/15/2046,2/11/2020,8/15/2046,0.025,semiannual,1,BOND,ACT_ACT
United States Treasury Note/Bond_126,1.1965625,2/15/2047,2/11/2020,8/15/2047,0.03,semiannual,1,BOND,ACT_ACT
United States Treasury Note/Bond_127,1.1996875,2/15/2048,2/11/2020,8/15/2048,0.03,semiannual,1,BOND,ACT_ACT
United States Treasury Note/Bond_128,1.20625,2/15/2049,2/11/2020,8/15/2049,0.03,semiannual,1,BOND,ACT_ACT
United States Treasury Note/Bond_129,0.996054688,2/28/2021,2/11/2020,8/28/2021,0.01125,semiannual,1,BOND,ACT_ACT
United States Treasury Note/Bond_130,1.010234375,2/28/2021,2/11/2020,8/28/2021,0.025,semiannual,1,BOND,ACT_ACT
United States Treasury Note/Bond_131,1.005117188,2/28/2021,2/11/2020,8/28/2021,0.02,semiannual,1,BOND,ACT_ACT
United States Treasury Note/Bond_132,1.0090625,2/28/2022,2/11/2020,8/28/2022,0.01875,semiannual,1,BOND,ACT_ACT
United States Treasury Note/Bond_133,1.006640625,2/28/2022,2/11/2020,8/28/2022,0.0175,semiannual,1,BOND,ACT_ACT
United States Treasury Note/Bond_134,1.036796875,2/28/2023,2/11/2020,8/28/2023,0.02625,semiannual,1,BOND,ACT_ACT
United States Treasury Note/Bond_135,1.0034375,2/28/2023,2/11/2020,8/28/2023,0.015,semiannual,1,BOND,ACT_ACT
United States Treasury Note/Bond_136,1.06484375,2/28/2025,2/11/2020,8/28/2025,0.0275,semiannual,1,BOND,ACT_ACT
United States Treasury Note/Bond_137,1.059375,2/28/2026,2/11/2020,8/28/2026,0.025,semiannual,1,BOND,ACT_ACT
United States Treasury Note/Bond_138,1.000429688,2/29/2020,2/11/2020,8/29/2020,0.0225,semiannual,1,BOND,ACT_ACT
United States Treasury Note/Bond_139,0.999960938,2/29/2020,2/11/2020,8/29/2020,0.01375,semiannual,1,BOND,ACT_ACT
United States Treasury Note/Bond_140,0.999921875,2/29/2020,2/11/2020,8/29/2020,0.0125,semiannual,1,BOND,ACT_ACT
United States Treasury Note/Bond_141,1.038046875,2/29/2024,2/11/2020,8/29/2024,0.02375,semiannual,1,BOND,ACT_ACT
United States Treasury Note/Bond_142,1.0284375,2/29/2024,2/11/2020,8/29/2024,0.02125,semiannual,1,BOND,ACT_ACT
United States Treasury Note/Bond_143,1.000195313,3/15/2020,2/11/2020,9/15/2020,0.01625,semiannual,1,BOND,ACT_ACT
United States Treasury Note/Bond_144,1.009296875,3/15/2021,2/11/2020,9/15/2021,0.02375,semiannual,1,BOND,ACT_ACT
United States Treasury Note/Bond_145,1.019921875,3/15/2022,2/11/2020,9/15/2022,0.02375,semiannual,1,BOND,ACT_ACT
United States Treasury Note/Bond_146,0.99984375,3/31/2020,2/11/2020,10/1/2020,0.01375,semiannual,1,BOND,ACT_ACT
United States Treasury Note/Bond_147,1.000976563,3/31/2020,2/11/2020,10/1/2020,0.0225,semiannual,1,BOND,ACT_ACT
United States Treasury Note/Bond_148,0.999570313,3/31/2020,2/11/2020,10/1/2020,0.01125,semiannual,1,BOND,ACT_ACT
United States Treasury Note/Bond_149,1.008359375,3/31/2021,2/11/2020,10/1/2021,0.0225,semiannual,1,BOND,ACT_ACT
United States Treasury Note/Bond_150,0.997265625,3/31/2021,2/11/2020,10/1/2021,0.0125,semiannual,1,BOND,ACT_ACT
United States Treasury Note/Bond_151,1.00953125,3/31/2022,2/11/2020,10/1/2022,0.01875,semiannual,1,BOND,ACT_ACT
United States Treasury Note/Bond_152,1.0071875,3/31/2022,2/11/2020,10/1/2022,0.0175,semiannual,1,BOND,ACT_ACT
United States Treasury Note/Bond_153,1.034140625,3/31/2023,2/11/2020,10/1/2023,0.025,semiannual,1,BOND,ACT_ACT
United States Treasury Note/Bond_154,1.00375,3/31/2023,2/11/2020,10/1/2023,0.015,semiannual,1,BOND,ACT_ACT
United States Treasury Note/Bond_155,1.028828125,3/31/2024,2/11/2020,10/1/2024,0.02125,semiannual,1,BOND,ACT_ACT
United States Treasury Note/Bond_156,1.059375,3/31/2025,2/11/2020,10/1/2025,0.02625,semiannual,1,BOND,ACT_ACT
United States Treasury Note/Bond_157,1.045390625,3/31/2026,2/11/2020,10/1/2026,0.0225,semiannual,1,BOND,ACT_ACT
United States Treasury Note/Bond_158,1,4/15/2020,2/11/2020,10/15/2020,0.015,semiannual,1,BOND,ACT_ACT
United States Treasury Note/Bond_159,1.010117188,4/15/2021,2/11/2020,10/15/2021,0.02375,semiannual,1,BOND,ACT_ACT
United States Treasury Note/Bond_160,1.0178125,4/15/2022,2/11/2020,10/15/2022,0.0225,semiannual,1,BOND,ACT_ACT
United States Treasury Note/Bond_161,0.999726563,4/30/2020,2/11/2020,10/30/2020,0.01375,semiannual,1,BOND,ACT_ACT
United States Treasury Note/Bond_162,0.999179688,4/30/2020,2/11/2020,10/30/2020,0.01125,semiannual,1,BOND,ACT_ACT
United States Treasury Note/Bond_163,1.001875,4/30/2020,2/11/2020,10/30/2020,0.02375,semiannual,1,BOND,ACT_ACT
United States Treasury Note/Bond_164,1.008945313,4/30/2021,2/11/2020,10/30/2021,0.0225,semiannual,1,BOND,ACT_ACT
United States Treasury Note/Bond_165,0.998515625,4/30/2021,2/11/2020,10/30/2021,0.01375,semiannual,1,BOND,ACT_ACT
United States Treasury Note/Bond_166,1.01,4/30/2022,2/11/2020,10/30/2022,0.01875,semiannual,1,BOND,ACT_ACT
United States Treasury Note/Bond_167,1.007421875,4/30/2022,2/11/2020,10/30/2022,0.0175,semiannual,1,BOND,ACT_ACT
United States Treasury Note/Bond_168,1.04265625,4/30/2023,2/11/2020,10/30/2023,0.0275,semiannual,1,BOND,ACT_ACT
United States Treasury Note/Bond_169,1.007578125,4/30/2023,2/11/2020,10/30/2023,0.01625,semiannual,1,BOND,ACT_ACT
United States Treasury Note/Bond_170,1.034375,4/30/2024,2/11/2020,10/30/2024,0.0225,semiannual,1,BOND,ACT_ACT
United States Treasury Note/Bond_171,1.024453125,4/30/2024,2/11/2020,10/30/2024,0.02,semiannual,1,BOND,ACT_ACT
United States Treasury Note/Bond_172,1.07265625,4/30/2025,2/11/2020,10/30/2025,0.02875,semiannual,1,BOND,ACT_ACT
United States Treasury Note/Bond_173,1.053125,4/30/2026,2/11/2020,10/30/2026,0.02375,semiannual,1,BOND,ACT_ACT
United States Treasury Note/Bond_174,1.004960938,5/15/2020,2/11/2020,11/15/2020,0.035,semiannual,1,BOND,ACT_ACT
United States Treasury Note/Bond_175,0.999960938,5/15/2020,2/11/2020,11/15/2020,0.015,semiannual,1,BOND,ACT_ACT
United States Treasury Note/Bond_176,1.01921875,5/15/2020,2/11/2020,11/15/2020,0.0875,semiannual,1,BOND,ACT_ACT
United States Treasury Note/Bond_177,1.013984375,5/15/2021,2/11/2020,11/15/2021,0.02625,semiannual,1,BOND,ACT_ACT
United States Treasury Note/Bond_178,1.020429688,5/15/2021,2/11/2020,11/15/2021,0.03125,semiannual,1,BOND,ACT_ACT
United States Treasury Note/Bond_179,1.08375,5/15/2021,2/11/2020,11/15/2021,0.08125,semiannual,1,BOND,ACT_ACT
United States Treasury Note/Bond_180,1.00796875,5/15/2022,2/11/2020,11/15/2022,0.0175,semiannual,1,BOND,ACT_ACT
United States Treasury Note/Bond_181,1.015859375,5/15/2022,2/11/2020,11/15/2022,0.02125,semiannual,1,BOND,ACT_ACT
United States Treasury Note/Bond_182,1.011640625,5/15/2023,2/11/2020,11/15/2023,0.0175,semiannual,1,BOND,ACT_ACT
United States Treasury Note/Bond_183,1.045234375,5/15/2024,2/11/2020,11/15/2024,0.025,semiannual,1,BOND,ACT_ACT
United States Treasury Note/Bond_184,1.035234375,5/15/2025,2/11/2020,11/15/2025,0.02125,semiannual,1,BOND,ACT_ACT
United States Treasury Note/Bond_185,1.00859375,5/15/2026,2/11/2020,11/15/2026,0.01625,semiannual,1,BOND,ACT_ACT
United States Treasury Note/Bond_186,1.059375,5/15/2027,2/11/2020,11/15/2027,0.02375,semiannual,1,BOND,ACT_ACT
United States Treasury Note/Bond_187,1.1028125,5/15/2028,2/11/2020,11/15/2028,0.02875,semiannual,1,BOND,ACT_ACT
United States Treasury Note/Bond_188,1.06859375,5/15/2029,2/11/2020,11/15/2029,0.02375,semiannual,1,BOND,ACT_ACT
United States Treasury Note/Bond_189,1.44234375,5/15/2030,2/11/2020,11/15/2030,0.0625,semiannual,1,BOND,ACT_ACT
United States Treasury Note/Bond_190,1.4775,5/15/2037,2/11/2020,11/15/2037,0.05,semiannual,1,BOND,ACT_ACT
United States Treasury Note/Bond_191,1.415625,5/15/2038,2/11/2020,11/15/2038,0.045,semiannual,1,BOND,ACT_ACT
United States Treasury Note/Bond_192,1.3859375,5/15/2039,2/11/2020,11/15/2039,0.0425,semiannual,1,BOND,ACT_ACT
United States Treasury Note/Bond_193,1.4146875,5/15/2040,2/11/2020,11/15/2040,0.04375,semiannual,1,BOND,ACT_ACT
United States Treasury Note/Bond_194,1.421875,5/15/2041,2/11/2020,11/15/2041,0.04375,semiannual,1,BOND,ACT_ACT
United States Treasury Note/Bond_195,1.17984375,5/15/2042,2/11/2020,11/15/2042,0.03,semiannual,1,BOND,ACT_ACT
United States Treasury Note/Bond_196,1.15578125,5/15/2043,2/11/2020,11/15/2043,0.02875,semiannual,1,BOND,ACT_ACT
United States Treasury Note/Bond_197,1.25375,5/15/2044,2/11/2020,11/15/2044,0.03375,semiannual,1,BOND,ACT_ACT
United States Treasury Note/Bond_198,1.1846875,5/15/2045,2/11/2020,11/15/2045,0.03,semiannual,1,BOND,ACT_ACT
United States Treasury Note/Bond_199,1.08765625,5/15/2046,2/11/2020,11/15/2046,0.025,semiannual,1,BOND,ACT_ACT
United States Treasury Note/Bond_200,1.19671875,5/15/2047,2/11/2020,11/15/2047,0.03,semiannual,1,BOND,ACT_ACT
United States Treasury Note/Bond_201,1.22828125,5/15/2048,2/11/2020,11/15/2048,0.03125,semiannual,1,BOND,ACT_ACT
United States Treasury Note/Bond_202,1.18,5/15/2049,2/11/2020,11/15/2049,0.02875,semiannual,1,BOND,ACT_ACT
United States Treasury Note/Bond_203,0.999921875,5/31/2020,2/11/2020,12/1/2020,0.015,semiannual,1,BOND,ACT_ACT
United States Treasury Note/Bond_204,1.0028125,5/31/2020,2/11/2020,12/1/2020,0.025,semiannual,1,BOND,ACT_ACT
United States Treasury Note/Bond_205,0.999492188,5/31/2020,2/11/2020,12/1/2020,0.01375,semiannual,1,BOND,ACT_ACT
United States Treasury Note/Bond_206,1.008007813,5/31/2021,2/11/2020,12/1/2021,0.02125,semiannual,1,BOND,ACT_ACT
United States Treasury Note/Bond_207,0.998554688,5/31/2021,2/11/2020,12/1/2021,0.01375,semiannual,1,BOND,ACT_ACT
United States Treasury Note/Bond_208,1.006445313,5/31/2021,2/11/2020,12/1/2021,0.02,semiannual,1,BOND,ACT_ACT
United States Treasury Note/Bond_209,1.007890625,5/31/2022,2/11/2020,12/1/2022,0.0175,semiannual,1,BOND,ACT_ACT
United States Treasury Note/Bond_210,1.01078125,5/31/2022,2/11/2020,12/1/2022,0.01875,semiannual,1,BOND,ACT_ACT
United States Treasury Note/Bond_211,1.043671875,5/31/2023,2/11/2020,12/1/2023,0.0275,semiannual,1,BOND,ACT_ACT
United States Treasury Note/Bond_212,1.0078125,5/31/2023,2/11/2020,12/1/2023,0.01625,semiannual,1,BOND,ACT_ACT
United States Treasury Note/Bond_213,1.024609375,5/31/2024,2/11/2020,12/1/2024,0.02,semiannual,1,BOND,ACT_ACT
United States Treasury Note/Bond_214,1.073515625,5/31/2025,2/11/2020,12/1/2025,0.02875,semiannual,1,BOND,ACT_ACT
United States Treasury Note/Bond_215,1.038515625,5/31/2026,2/11/2020,12/1/2026,0.02125,semiannual,1,BOND,ACT_ACT
United States Treasury Note/Bond_216,0.999921875,6/15/2020,2/11/2020,12/15/2020,0.015,semiannual,1,BOND,ACT_ACT
United States Treasury Note/Bond_217,1.015,6/15/2021,2/11/2020,12/15/2021,0.02625,semiannual,1,BOND,ACT_ACT
United States Treasury Note/Bond_218,1.008203125,6/15/2022,2/11/2020,12/15/2022,0.0175,semiannual,1,BOND,ACT_ACT
United States Treasury Note/Bond_219,1.000390625,6/30/2020,2/11/2020,12/30/2020,0.01625,semiannual,1,BOND,ACT_ACT
United States Treasury Note/Bond_220,1.003671875,6/30/2020,2/11/2020,12/30/2020,0.025,semiannual,1,BOND,ACT_ACT
United States Treasury Note/Bond_221,1.00140625,6/30/2020,2/11/2020,12/30/2020,0.01875,semiannual,1,BOND,ACT_ACT
United States Treasury Note/Bond_222,0.995078125,6/30/2021,2/11/2020,12/30/2021,0.01125,semiannual,1,BOND,ACT_ACT
United States Treasury Note/Bond_223,1.001914063,6/30/2021,2/11/2020,12/30/2021,0.01625,semiannual,1,BOND,ACT_ACT
United States Treasury Note/Bond_224,1.008789063,6/30/2021,2/11/2020,12/30/2021,0.02125,semiannual,1,BOND,ACT_ACT
United States Treasury Note/Bond_225,1.00828125,6/30/2022,2/11/2020,12/30/2022,0.0175,semiannual,1,BOND,ACT_ACT
United States Treasury Note/Bond_226,1.0171875,6/30/2022,2/11/2020,12/30/2022,0.02125,semiannual,1,BOND,ACT_ACT
United States Treasury Note/Bond_227,1.040625,6/30/2023,2/11/2020,12/30/2023,0.02625,semiannual,1,BOND,ACT_ACT
United States Treasury Note/Bond_228,0.9996875,6/30/2023,2/11/2020,12/30/2023,0.01375,semiannual,1,BOND,ACT_ACT
United States Treasury Note/Bond_229,1.014453125,6/30/2024,2/11/2020,12/30/2024,0.0175,semiannual,1,BOND,ACT_ACT
United States Treasury Note/Bond_230,1.0253125,6/30/2024,2/11/2020,12/30/2024,0.02,semiannual,1,BOND,ACT_ACT
United States Treasury Note/Bond_231,1.067890625,6/30/2025,2/11/2020,12/30/2025,0.0275,semiannual,1,BOND,ACT_ACT
United States Treasury Note/Bond_232,1.023671875,6/30/2026,2/11/2020,12/30/2026,0.01875,semiannual,1,BOND,ACT_ACT
United States Treasury Note/Bond_233,1,7/15/2020,2/11/2020,1/15/2021,0.015,semiannual,1,BOND,ACT_ACT
United States Treasury Note/Bond_234,1.016054688,7/15/2021,2/11/2020,1/15/2022,0.02625,semiannual,1,BOND,ACT_ACT
United States Treasury Note/Bond_235,1.008359375,7/15/2022,2/11/2020,1/15/2023,0.0175,semiannual,1,BOND,ACT_ACT
United States Treasury Note/Bond_236,1.005078125,7/31/2020,2/11/2020,1/31/2021,0.02625,semiannual,1,BOND,ACT_ACT
United States Treasury Note/Bond_237,1.000507813,7/31/2020,2/11/2020,1/31/2021,0.01625,semiannual,1,BOND,ACT_ACT
United States Treasury Note/Bond_238,1.0021875,7/31/2020,2/11/2020,1/31/2021,0.02,semiannual,1,BOND,ACT_ACT
United States Treasury Note/Bond_239,1.003945313,7/31/2021,2/11/2020,1/31/2022,0.0175,semiannual,1,BOND,ACT_ACT
United States Treasury Note/Bond_240,0.994882813,7/31/2021,2/11/2020,1/31/2022,0.01125,semiannual,1,BOND,ACT_ACT
United States Treasury Note/Bond_241,1.01125,7/31/2021,2/11/2020,1/31/2022,0.0225,semiannual,1,BOND,ACT_ACT
United States Treasury Note/Bond_242,1.0115625,7/31/2022,2/11/2020,1/31/2023,0.01875,semiannual,1,BOND,ACT_ACT
United States Treasury Note/Bond_243,1.014765625,7/31/2022,2/11/2020,1/31/2023,0.02,semiannual,1,BOND,ACT_ACT
United States Treasury Note/Bond_244,0.995546875,7/31/2023,2/11/2020,1/31/2024,0.0125,semiannual,1,BOND,ACT_ACT
United States Treasury Note/Bond_245,1.045703125,7/31/2023,2/11/2020,1/31/2024,0.0275,semiannual,1,BOND,ACT_ACT
United States Treasury Note/Bond_246,1.014765625,7/31/2024,2/11/2020,1/31/2025,0.0175,semiannual,1,BOND,ACT_ACT
United States Treasury Note/Bond_247,1.0309375,7/31/2024,2/11/2020,1/31/2025,0.02125,semiannual,1,BOND,ACT_ACT
United States Treasury Note/Bond_248,1.075234375,7/31/2025,2/11/2020,1/31/2026,0.02875,semiannual,1,BOND,ACT_ACT
United States Treasury Note/Bond_249,1.02375,7/31/2026,2/11/2020,1/31/2027,0.01875,semiannual,1,BOND,ACT_ACT
United States Treasury Note/Bond_250,1.00546875,8/15/2020,2/11/2020,2/15/2021,0.02625,semiannual,1,BOND,ACT_ACT
United States Treasury Note/Bond_251,0.99984375,8/15/2020,2/11/2020,2/15/2021,0.015,semiannual,1,BOND,ACT_ACT
United States Treasury Note/Bond_252,1.036953125,8/15/2020,2/11/2020,2/15/2021,0.0875,semiannual,1,BOND,ACT_ACT
United States Treasury Note/Bond_253,1.009726563,8/15/2021,2/11/2020,2/15/2022,0.02125,semiannual,1,BOND,ACT_ACT
United States Treasury Note/Bond_254,1.018945313,8/15/2021,2/11/2020,2/15/2022,0.0275,semiannual,1,BOND,ACT_ACT
United States Treasury Note/Bond_255,1.100585938,8/15/2021,2/11/2020,2/15/2022,0.08125,semiannual,1,BOND,ACT_ACT
United States Treasury Note/Bond_256,1.00265625,8/15/2022,2/11/2020,2/15/2023,0.015,semiannual,1,BOND,ACT_ACT
United States Treasury Note/Bond_257,1.00609375,8/15/2022,2/11/2020,2/15/2023,0.01625,semiannual,1,BOND,ACT_ACT
United States Treasury Note/Bond_258,1.14515625,8/15/2022,2/11/2020,2/15/2023,0.0725,semiannual,1,BOND,ACT_ACT
United States Treasury Note/Bond_259,1.038046875,8/15/2023,2/11/2020,2/15/2024,0.025,semiannual,1,BOND,ACT_ACT
United States Treasury Note/Bond_260,1.16671875,8/15/2023,2/11/2020,2/15/2024,0.0625,semiannual,1,BOND,ACT_ACT
United States Treasury Note/Bond_261,1.042265625,8/15/2024,2/11/2020,2/15/2025,0.02375,semiannual,1,BOND,ACT_ACT
United States Treasury Note/Bond_262,1.029453125,8/15/2025,2/11/2020,2/15/2026,0.02,semiannual,1,BOND,ACT_ACT
United States Treasury Note/Bond_263,1.289453125,8/15/2025,2/11/2020,2/15/2026,0.06875,semiannual,1,BOND,ACT_ACT
United States Treasury Note/Bond_264,1.00046875,8/15/2026,2/11/2020,2/15/2027,0.015,semiannual,1,BOND,ACT_ACT
United States Treasury Note/Bond_265,1.32890625,8/15/2026,2/11/2020,2/15/2027,0.0675,semiannual,1,BOND,ACT_ACT
United States Treasury Note/Bond_266,1.051875,8/15/2027,2/11/2020,2/15/2028,0.0225,semiannual,1,BOND,ACT_ACT
United States Treasury Note/Bond_267,1.34859375,8/15/2027,2/11/2020,2/15/2028,0.06375,semiannual,1,BOND,ACT_ACT
United States Treasury Note/Bond_268,1.105,8/15/2028,2/11/2020,2/15/2029,0.02875,semiannual,1,BOND,ACT_ACT
United States Treasury Note/Bond_269,1.3165625,8/15/2028,2/11/2020,2/15/2029,0.055,semiannual,1,BOND,ACT_ACT
United States Treasury Note/Bond_270,1.00359375,8/15/2029,2/11/2020,2/15/2030,0.01625,semiannual,1,BOND,ACT_ACT
United States Treasury Note/Bond_271,1.4040625,8/15/2029,2/11/2020,2/15/2030,0.06125,semiannual,1,BOND,ACT_ACT
United States Treasury Note/Bond_272,1.429375,8/15/2039,2/11/2020,2/15/2040,0.045,semiannual,1,BOND,ACT_ACT
United States Treasury Note/Bond_273,1.3303125,8/15/2040,2/11/2020,2/15/2041,0.03875,semiannual,1,BOND,ACT_ACT
United States Treasury Note/Bond_274,1.31234375,8/15/2041,2/11/2020,2/15/2042,0.0375,semiannual,1,BOND,ACT_ACT
United States Treasury Note/Bond_275,1.133125,8/15/2042,2/11/2020,2/15/2043,0.0275,semiannual,1,BOND,ACT_ACT
United States Treasury Note/Bond_276,1.298125,8/15/2043,2/11/2020,2/15/2044,0.03625,semiannual,1,BOND,ACT_ACT
United States Treasury Note/Bond_277,1.20625,8/15/2044,2/11/2020,2/15/2045,0.03125,semiannual,1,BOND,ACT_ACT
United States Treasury Note/Bond_278,1.16109375,8/15/2045,2/11/2020,2/15/2046,0.02875,semiannual,1,BOND,ACT_ACT
United States Treasury Note/Bond_279,1.036875,8/15/2046,2/11/2020,2/15/2047,0.0225,semiannual,1,BOND,ACT_ACT
United States Treasury Note/Bond_280,1.14453125,8/15/2047,2/11/2020,2/15/2048,0.0275,semiannual,1,BOND,ACT_ACT
United States Treasury Note/Bond_281,1.20296875,8/15/2048,2/11/2020,2/15/2049,0.03,semiannual,1,BOND,ACT_ACT
United States Treasury Note/Bond_282,1.04234375,8/15/2049,2/11/2020,2/15/2050,0.0225,semiannual,1,BOND,ACT_ACT
United States Treasury Note/Bond_283,0.999101563,8/31/2020,2/11/2020,3/3/2021,0.01375,semiannual,1,BOND,ACT_ACT
United States Treasury Note/Bond_284,1.005898438,8/31/2020,2/11/2020,3/3/2021,0.02625,semiannual,1,BOND,ACT_ACT
United States Treasury Note/Bond_285,1.003203125,8/31/2020,2/11/2020,3/3/2021,0.02125,semiannual,1,BOND,ACT_ACT
United States Treasury Note/Bond_286,1.00046875,8/31/2021,2/11/2020,3/3/2022,0.015,semiannual,1,BOND,ACT_ACT
United States Treasury Note/Bond_287,0.994765625,8/31/2021,2/11/2020,3/3/2022,0.01125,semiannual,1,BOND,ACT_ACT
United States Treasury Note/Bond_288,1.008125,8/31/2021,2/11/2020,3/3/2022,0.02,semiannual,1,BOND,ACT_ACT
United States Treasury Note/Bond_289,1.00578125,8/31/2022,2/11/2020,3/3/2023,0.01625,semiannual,1,BOND,ACT_ACT
United States Treasury Note/Bond_290,1.0121875,8/31/2022,2/11/2020,3/3/2023,0.01875,semiannual,1,BOND,ACT_ACT
United States Treasury Note/Bond_291,1.04671875,8/31/2023,2/11/2020,3/2/2024,0.0275,semiannual,1,BOND,ACT_ACT
United States Treasury Note/Bond_292,0.999765625,8/31/2023,2/11/2020,3/2/2024,0.01375,semiannual,1,BOND,ACT_ACT
United States Treasury Note/Bond_293,0.993125,8/31/2024,2/11/2020,3/3/2025,0.0125,semiannual,1,BOND,ACT_ACT
United States Treasury Note/Bond_294,1.02046875,8/31/2024,2/11/2020,3/3/2025,0.01875,semiannual,1,BOND,ACT_ACT
United States Treasury Note/Bond_295,1.069296875,8/31/2025,2/11/2020,3/3/2026,0.0275,semiannual,1,BOND,ACT_ACT
United States Treasury Note/Bond_296,0.99265625,8/31/2026,2/11/2020,3/3/2027,0.01375,semiannual,1,BOND,ACT_ACT
United States Treasury Note/Bond_297,0.999101563,9/15/2020,2/11/2020,3/15/2021,0.01375,semiannual,1,BOND,ACT_ACT
United States Treasury Note/Bond_298,1.020078125,9/15/2021,2/11/2020,3/15/2022,0.0275,semiannual,1,BOND,ACT_ACT
United States Treasury Note/Bond_299,1.0028125,9/15/2022,2/11/2020,3/15/2023,0.015,semiannual,1,BOND,ACT_ACT
United States Treasury Note/Bond_300,1.007578125,9/30/2020,2/11/2020,3/30/2021,0.0275,semiannual,1,BOND,ACT_ACT
United States Treasury Note/Bond_301,0.9990625,9/30/2020,2/11/2020,3/30/2021,0.01375,semiannual,1,BOND,ACT_ACT
United States Treasury Note/Bond_302,1.002929688,9/30/2020,2/11/2020,3/30/2021,0.02,semiannual,1,BOND,ACT_ACT
United States Treasury Note/Bond_303,1.000585938,9/30/2021,2/11/2020,3/30/2022,0.015,semiannual,1,BOND,ACT_ACT
United States Treasury Note/Bond_304,0.994570313,9/30/2021,2/11/2020,3/30/2022,0.01125,semiannual,1,BOND,ACT_ACT
United States Treasury Note/Bond_305,1.011015625,9/30/2021,2/11/2020,3/30/2022,0.02125,semiannual,1,BOND,ACT_ACT
United States Treasury Note/Bond_306,1.012578125,9/30/2022,2/11/2020,3/30/2023,0.01875,semiannual,1,BOND,ACT_ACT
United States Treasury Note/Bond_307,1.009375,9/30/2022,2/11/2020,3/30/2023,0.0175,semiannual,1,BOND,ACT_ACT
United States Treasury Note/Bond_308,1.0521875,9/30/2023,2/11/2020,3/30/2024,0.02875,semiannual,1,BOND,ACT_ACT
United States Treasury Note/Bond_309,0.9996875,9/30/2023,2/11/2020,3/30/2024,0.01375,semiannual,1,BOND,ACT_ACT
United States Treasury Note/Bond_310,1.003984375,9/30/2024,2/11/2020,3/30/2025,0.015,semiannual,1,BOND,ACT_ACT
United States Treasury Note/Bond_311,1.031953125,9/30/2024,2/11/2020,3/30/2025,0.02125,semiannual,1,BOND,ACT_ACT
United States Treasury Note/Bond_312,1.083671875,9/30/2025,2/11/2020,3/30/2026,0.03,semiannual,1,BOND,ACT_ACT
United States Treasury Note/Bond_313,1.008125,9/30/2026,2/11/2020,3/30/2027,0.01625,semiannual,1,BOND,ACT_ACT
